year,state,n,pct
1998,1 Functional,17078,80
1998,2 Physical only,2717,12.7
1998,3 Cognitive only,650,3
1998,4 Both,911,4.3
2000,1 Functional,15513,79.3
2000,2 Physical only,2513,12.9
2000,3 Cognitive only,618,3.2
2000,4 Both,909,4.6
2002,1 Functional,14428,79.5
2002,2 Physical only,2394,13.2
2002,3 Cognitive only,497,2.7
2002,4 Both,839,4.6
2004,1 Functional,16231,80.7
2004,2 Physical only,2548,12.7
2004,3 Cognitive only,542,2.7
2004,4 Both,798,4
2006,1 Functional,14526,78.7
2006,2 Physical only,2565,13.9
2006,3 Cognitive only,548,3
2006,4 Both,821,4.4
2008,1 Functional,13567,78.8
2008,2 Physical only,2363,13.7
2008,3 Cognitive only,518,3
2008,4 Both,760,4.4
2010,1 Functional,17293,79
2010,2 Physical only,3143,14.4
2010,3 Cognitive only,610,2.8
2010,4 Both,855,3.9
2012,1 Functional,16185,78.8
2012,2 Physical only,2874,14
2012,3 Cognitive only,600,2.9
2012,4 Both,876,4.3
2014,1 Functional,14502,77.4
2014,2 Physical only,2846,15.2
2014,3 Cognitive only,608,3.2
2014,4 Both,774,4.1
2016,1 Functional,16497,79
2016,2 Physical only,3080,14.8
2016,3 Cognitive only,551,2.6
2016,4 Both,748,3.6
2018,1 Functional,13571,79.3
2018,2 Physical only,2581,15.1
2018,3 Cognitive only,429,2.5
2018,4 Both,539,3.1
2020,1 Functional,12415,79.3
2020,2 Physical only,2284,14.6
2020,3 Cognitive only,445,2.8
2020,4 Both,504,3.2
2022,1 Functional,12315,78.4
2022,2 Physical only,2395,15.2
2022,3 Cognitive only,482,3.1
2022,4 Both,518,3.3
