age_i,n,dual,phys,cog,both,sex
50,628,0.8933,0.0908,0.008,0.008,Men
51,1299,0.8899,0.0978,0.0077,0.0046,Men
52,1855,0.8814,0.097,0.0135,0.0081,Men
53,2337,0.8819,0.0997,0.0103,0.0081,Men
54,2747,0.8715,0.107,0.0157,0.0058,Men
55,3240,0.8762,0.1077,0.0108,0.0052,Men
56,3418,0.871,0.1068,0.0143,0.0079,Men
57,3567,0.8708,0.1096,0.0112,0.0084,Men
58,3397,0.8681,0.1066,0.0156,0.0097,Men
59,3499,0.8517,0.1189,0.0166,0.0129,Men
60,3433,0.8576,0.113,0.0163,0.0131,Men
61,3480,0.8592,0.1121,0.0158,0.0129,Men
62,3441,0.8538,0.118,0.0166,0.0116,Men
63,3493,0.8528,0.1128,0.02,0.0143,Men
64,3345,0.8436,0.1244,0.0185,0.0135,Men
65,3428,0.8644,0.0986,0.0181,0.019,Men
66,3252,0.8484,0.1116,0.0261,0.0138,Men
67,3260,0.8509,0.1055,0.027,0.0166,Men
68,2984,0.8385,0.1136,0.0245,0.0235,Men
69,3087,0.8533,0.0969,0.0288,0.0211,Men
70,2977,0.8361,0.1186,0.0228,0.0225,Men
71,2879,0.8301,0.1143,0.0327,0.0229,Men
72,2867,0.8179,0.1249,0.0276,0.0296,Men
73,2714,0.825,0.1124,0.0295,0.0332,Men
74,2664,0.8056,0.1235,0.0372,0.0338,Men
75,2547,0.7986,0.1182,0.042,0.0412,Men
76,2471,0.7811,0.1356,0.0376,0.0457,Men
77,2289,0.7711,0.1315,0.0524,0.045,Men
78,2249,0.7563,0.1427,0.0471,0.0538,Men
79,2157,0.7353,0.1613,0.0431,0.0603,Men
80,1934,0.7254,0.1665,0.0455,0.0626,Men
81,1860,0.7134,0.1581,0.0624,0.0661,Men
82,1700,0.6835,0.1747,0.0665,0.0753,Men
83,1448,0.6678,0.1885,0.0622,0.0815,Men
84,1346,0.6248,0.2021,0.0758,0.0973,Men
85,1201,0.6245,0.1898,0.0791,0.1066,Men
86,1015,0.6148,0.1734,0.0828,0.1291,Men
87,846,0.5816,0.2163,0.0816,0.1206,Men
88,751,0.5606,0.2037,0.0879,0.1478,Men
89,610,0.523,0.2295,0.0852,0.1623,Men
90,493,0.5375,0.2312,0.069,0.1623,Men
91,407,0.4963,0.1916,0.0835,0.2285,Men
92,316,0.4684,0.2563,0.0823,0.193,Men
93,215,0.4326,0.2093,0.1023,0.2558,Men
94,184,0.4348,0.2989,0.0652,0.2011,Men
95,106,0.3679,0.2075,0.1604,0.2642,Men
96,85,0.3647,0.2,0.0824,0.3529,Men
97,54,0.4259,0.2222,0.1111,0.2407,Men
98,34,0.3235,0.2941,0.1176,0.2647,Men
99,23,0.3478,0.2609,0.1739,0.2174,Men
100,38,0.2105,0.3947,0.0526,0.3421,Men
50,1640,0.8762,0.1122,0.0055,0.0061,Women
51,2283,0.8835,0.1029,0.0083,0.0053,Women
52,2885,0.8711,0.1151,0.0073,0.0066,Women
53,3538,0.8567,0.1266,0.0102,0.0065,Women
54,3890,0.8617,0.1216,0.0098,0.0069,Women
55,4385,0.8538,0.1275,0.0107,0.008,Women
56,4427,0.8468,0.1373,0.0093,0.0066,Women
57,4702,0.8294,0.1467,0.0174,0.0064,Women
58,4563,0.8402,0.1405,0.011,0.0083,Women
59,4560,0.8285,0.1461,0.0169,0.0086,Women
60,4519,0.8298,0.1474,0.0124,0.0104,Women
61,4637,0.8303,0.146,0.0129,0.0108,Women
62,4507,0.8209,0.1522,0.0142,0.0126,Women
63,4511,0.8342,0.1408,0.0104,0.0146,Women
64,4397,0.8381,0.1344,0.0139,0.0136,Women
65,4440,0.8347,0.1331,0.018,0.0142,Women
66,4181,0.8326,0.1315,0.0196,0.0163,Women
67,4149,0.8284,0.135,0.0186,0.0181,Women
68,3942,0.8262,0.1365,0.019,0.0183,Women
69,4025,0.8189,0.1401,0.0209,0.0201,Women
70,3770,0.83,0.1276,0.021,0.0215,Women
71,3824,0.818,0.1342,0.0241,0.0238,Women
72,3531,0.7989,0.147,0.0241,0.03,Women
73,3570,0.8104,0.1272,0.0289,0.0336,Women
74,3410,0.7938,0.1422,0.0282,0.0358,Women
75,3317,0.7636,0.155,0.0362,0.0452,Women
76,3141,0.7542,0.1656,0.0369,0.0433,Women
77,3167,0.7439,0.1591,0.0483,0.0486,Women
78,3000,0.724,0.173,0.0467,0.0563,Women
79,2889,0.7079,0.1734,0.053,0.0658,Women
80,2758,0.6755,0.1914,0.0598,0.0732,Women
81,2552,0.6685,0.192,0.0553,0.0842,Women
82,2422,0.6416,0.2023,0.0603,0.0958,Women
83,2265,0.6141,0.2053,0.072,0.1086,Women
84,2081,0.5983,0.2004,0.0644,0.137,Women
85,1902,0.5547,0.2334,0.0668,0.1451,Women
86,1665,0.5333,0.2132,0.0757,0.1778,Women
87,1533,0.5023,0.2198,0.0809,0.197,Women
88,1355,0.4731,0.2236,0.0804,0.2229,Women
89,1123,0.4399,0.2226,0.0899,0.2476,Women
90,1024,0.4141,0.2461,0.0957,0.2441,Women
91,850,0.3788,0.2412,0.0812,0.2988,Women
92,699,0.319,0.2861,0.0973,0.2976,Women
93,537,0.3259,0.2477,0.0726,0.3538,Women
94,428,0.229,0.2664,0.0818,0.4229,Women
95,370,0.2405,0.2919,0.0865,0.3811,Women
96,261,0.1877,0.2874,0.1111,0.4138,Women
97,176,0.2045,0.2216,0.0966,0.4773,Women
98,129,0.1705,0.3023,0.0775,0.4496,Women
99,105,0.1238,0.2286,0.0857,0.5619,Women
100,148,0.1081,0.1216,0.0676,0.7027,Women
