age_i,n,dual,phys,cog,both,sample
50,2268,0.881,0.1063,0.0062,0.0066,1998-2022
51,3582,0.8858,0.1011,0.0081,0.005,1998-2022
52,4740,0.8751,0.108,0.0097,0.0072,1998-2022
53,5875,0.8667,0.1159,0.0102,0.0071,1998-2022
54,6637,0.8658,0.1156,0.0122,0.0065,1998-2022
55,7625,0.8633,0.1191,0.0108,0.0068,1998-2022
56,7845,0.8574,0.124,0.0115,0.0071,1998-2022
57,8269,0.8473,0.1307,0.0148,0.0073,1998-2022
58,7960,0.8521,0.126,0.0129,0.0089,1998-2022
59,8059,0.8386,0.1343,0.0168,0.0104,1998-2022
60,7952,0.8418,0.1325,0.0141,0.0116,1998-2022
61,8117,0.8427,0.1315,0.0142,0.0117,1998-2022
62,7948,0.8352,0.1374,0.0152,0.0122,1998-2022
63,8004,0.8423,0.1286,0.0146,0.0145,1998-2022
64,7742,0.8405,0.1301,0.0159,0.0136,1998-2022
65,7868,0.8476,0.1181,0.018,0.0163,1998-2022
66,7433,0.8395,0.1228,0.0225,0.0152,1998-2022
67,7409,0.8383,0.122,0.0223,0.0174,1998-2022
68,6926,0.8315,0.1266,0.0214,0.0205,1998-2022
69,7112,0.8338,0.1213,0.0243,0.0205,1998-2022
70,6747,0.8327,0.1236,0.0218,0.0219,1998-2022
71,6703,0.8232,0.1256,0.0277,0.0234,1998-2022
72,6398,0.8074,0.1371,0.0256,0.0299,1998-2022
73,6284,0.8167,0.1208,0.0291,0.0334,1998-2022
74,6074,0.799,0.134,0.0321,0.0349,1998-2022
75,5864,0.7788,0.139,0.0387,0.0435,1998-2022
76,5612,0.766,0.1524,0.0372,0.0444,1998-2022
77,5456,0.7553,0.1475,0.05,0.0471,1998-2022
78,5249,0.7379,0.16,0.0469,0.0552,1998-2022
79,5046,0.7196,0.1683,0.0488,0.0634,1998-2022
80,4692,0.6961,0.1812,0.053900000000000003,0.0688,1998-2022
81,4412,0.6874,0.1777,0.0583,0.0766,1998-2022
82,4122,0.6589,0.1909,0.0628,0.0873,1998-2022
83,3713,0.6351,0.1988,0.0681,0.098,1998-2022
84,3427,0.6087,0.2011,0.0689,0.1214,1998-2022
85,3103,0.5817,0.2166,0.0715,0.1302,1998-2022
86,2680,0.5642,0.1981,0.0784,0.1593,1998-2022
87,2379,0.5305,0.2186,0.0811,0.1698,1998-2022
88,2106,0.5043,0.2165,0.0831,0.1961,1998-2022
89,1733,0.4691,0.225,0.0883,0.2175,1998-2022
90,1517,0.4542,0.2413,0.087,0.2175,1998-2022
91,1257,0.4169,0.2251,0.0819,0.2761,1998-2022
92,1015,0.3655,0.2768,0.0926,0.265,1998-2022
93,752,0.3564,0.2367,0.0811,0.3258,1998-2022
94,612,0.2908,0.2761,0.0768,0.3562,1998-2022
95,476,0.2689,0.2731,0.1029,0.355,1998-2022
96,346,0.2312,0.2659,0.104,0.3988,1998-2022
97,230,0.2565,0.2217,0.1,0.4217,1998-2022
98,163,0.2025,0.3006,0.0859,0.411,1998-2022
99,128,0.1641,0.2344,0.1016,0.5,1998-2022
100,186,0.129,0.1774,0.0645,0.629,1998-2022
50,1948,0.8758,0.1104,0.0067,0.0072,2000-2022
51,3050,0.8823,0.1039,0.0085,0.0052,2000-2022
52,4277,0.8754,0.1083,0.0094,0.007,2000-2022
53,5391,0.8653,0.117,0.01,0.0076,2000-2022
54,6142,0.8634,0.1174,0.0127,0.0065,2000-2022
55,7044,0.8603,0.1212,0.0112,0.0072,2000-2022
56,7095,0.8531,0.1271,0.0123,0.0075,2000-2022
57,7402,0.8442,0.1332,0.0154,0.0072,2000-2022
58,7189,0.8498,0.128,0.0134,0.0089,2000-2022
59,7247,0.8365,0.137,0.0172,0.0092,2000-2022
60,7183,0.8392,0.1343,0.0149,0.0116,2000-2022
61,7363,0.8385,0.1353,0.0141,0.0121,2000-2022
62,7194,0.834,0.1389,0.0156,0.0115,2000-2022
63,7267,0.843,0.1287,0.0143,0.014,2000-2022
64,7069,0.8416,0.1311,0.0151,0.0122,2000-2022
65,7159,0.8472,0.1187,0.018,0.0161,2000-2022
66,6774,0.8398,0.1239,0.0223,0.014,2000-2022
67,6849,0.8369,0.1234,0.0223,0.0174,2000-2022
68,6361,0.8297,0.1283,0.0215,0.0204,2000-2022
69,6587,0.8338,0.1207,0.025,0.0205,2000-2022
70,6185,0.8346,0.1219,0.0212,0.0223,2000-2022
71,6137,0.825,0.1258,0.0266,0.0226,2000-2022
72,5896,0.8065,0.1386,0.0243,0.0307,2000-2022
73,5776,0.8173,0.1212,0.0279,0.0336,2000-2022
74,5506,0.7975,0.1357,0.0314,0.0354,2000-2022
75,5375,0.7793,0.1407,0.0367,0.0433,2000-2022
76,5135,0.7708,0.1519,0.0345,0.0428,2000-2022
77,4971,0.7608,0.146,0.0489,0.0443,2000-2022
78,4810,0.741,0.1597,0.0468,0.0526,2000-2022
79,4651,0.7194,0.1701,0.0473,0.0632,2000-2022
80,4339,0.6979,0.1811,0.0535,0.0675,2000-2022
81,4120,0.6922,0.1765,0.0561,0.0752,2000-2022
82,3851,0.6629,0.189,0.0634,0.0847,2000-2022
83,3436,0.6423,0.2005,0.0658,0.0914,2000-2022
84,3157,0.6136,0.2005,0.0678,0.1182,2000-2022
85,2841,0.5889,0.2137,0.0725,0.125,2000-2022
86,2496,0.5689,0.1979,0.0785,0.1546,2000-2022
87,2215,0.5391,0.2167,0.079,0.1652,2000-2022
88,1947,0.5095,0.2157,0.0801,0.1947,2000-2022
89,1619,0.4756,0.2199,0.0852,0.2193,2000-2022
90,1410,0.4617,0.2426,0.0837,0.2121,2000-2022
91,1179,0.4232,0.2214,0.0814,0.274,2000-2022
92,958,0.3643,0.2818,0.0877,0.2662,2000-2022
93,704,0.3551,0.2372,0.0824,0.3253,2000-2022
94,573,0.2932,0.2775,0.0716,0.3578,2000-2022
95,447,0.2774,0.2685,0.1029,0.3512,2000-2022
96,331,0.2356,0.2659,0.1057,0.3927,2000-2022
97,216,0.2593,0.2176,0.1019,0.4213,2000-2022
98,152,0.2171,0.2895,0.0921,0.4013,2000-2022
99,119,0.1765,0.2353,0.1008,0.4874,2000-2022
100,172,0.1221,0.1744,0.0698,0.6337,2000-2022
