par,mean_2.5,sd_2.5,mean_5,sd_5,mean_10,sd_10,d25,d10
int:t2,-2.1516981211945057,0.03305623532062383,-2.1521902186131965,0.033036904203785834,-2.15236219976002,0.03303523531492893,0.014895385344079469,-0.005205728289880126
age:t2,0.394180381176791,0.021563307480244744,0.39431290831747584,0.021576667281853087,0.39434763574630766,0.021568835477915247,-0.006142150636781017,0.0016094899355018947
age2:t2,0.15026740226123655,0.010278268718578112,0.15052696174554758,0.010273444835047526,0.15060967856174606,0.010275757232221355,-0.02526508765838207,0.008051517044827516
black:t2,0.43186233113181377,0.0333208158611625,0.4328205466314869,0.03333614511862313,0.43308064237198773,0.033317017810145864,-0.028744040328100705,0.007802214070502753
hisp:t2,0.35113642208756857,0.041470779159860596,0.3520003675538378,0.041438468025214045,0.3522659832541141,0.041428871047953064,-0.020848875632746316,0.0064098822406927465
othr:t2,0.13649007776180977,0.08095451237696012,0.1384684624403332,0.08082910746824881,0.13892252775255978,0.08089201653094334,-0.024476141584274923,0.005617596512555168
hs:t2,-0.4467606862109765,0.033846870000772855,-0.4468190272145449,0.03381034233256754,-0.44682431616248874,0.033817252151148086,0.0017255372038112765,-1.5642988443604697e-4
somec:t2,-0.48750063415626227,0.0373300660435841,-0.48780984726154797,0.037383416692953135,-0.4878595750417179,0.037386905494606194,0.008271397658095465,-0.0013302096108112524
coll:t2,-0.862895270848899,0.04342323779750801,-0.8634364432892154,0.04343382663457363,-0.8635791716318719,0.04343392344394296,0.012459699783523013,-0.00328611024437995
coh:t2,-0.002323830412152778,0.018636401458336158,-0.00237094062038052,0.018635643445405102,-0.0023905037876294022,0.01863053653319188,0.0025279625233094924,-0.0010497714933318096
int:t3,-3.3758168796686387,0.05682034609544469,-3.377487616189254,0.05684249729416329,-3.377904991293125,0.05687167347015244,0.029392384222130235,-0.0073426595195281805
age:t3,0.8950895762784744,0.044297745142035126,0.895661402363923,0.04432653316581747,0.895835778947173,0.04438387795072996,-0.012900311497619115,0.00393390980065426
age2:t3,0.14269948873831123,0.019128434070365706,0.14319592156570604,0.01911228983792918,0.1433420525341118,0.01910404629510625,-0.025974534271116886,0.00764591630018938
black:t3,1.2901911664919845,0.05875642244357792,1.2929374828556355,0.058748829505932264,1.2936156346995704,0.05873357077989142,-0.04674674179463703,0.011543240089003988
hisp:t3,0.858388179049328,0.07317793767924045,0.860827938356532,0.07316540991889534,0.8614181707043745,0.07317746599343504,-0.033345802475631334,0.008067095482643779
othr:t3,0.8516634327068979,0.1437225038077341,0.8579525321996682,0.14379979827595088,0.859519768136324,0.14382272975991528,-0.04373510650342842,0.010898735293413614
hs:t3,-1.0749239104001551,0.057924312564711616,-1.075319031705093,0.05801265805117283,-1.0754286290685589,0.05802419696814843,0.006810949854930969,-0.001889197412214163
somec:t3,-1.5699820181031527,0.07697610838740168,-1.5712003802320276,0.07700995695233598,-1.5715011676361252,0.07704769686813023,0.015820838980976356,-0.0039058248569576026
coll:t3,-2.0514725685486885,0.10167242336781578,-2.054097415976546,0.10173262771500911,-2.054815690680421,0.10175738194460102,0.025801431525103204,-0.0070604163089830856
coh:t3,0.05183915357867651,0.03595185014029851,0.051758804526927576,0.0359975101523162,0.0517721440381316,0.036032276767631134,0.0022320724797062668,3.705676072478682e-4
int:t4,-4.33530551395804,0.07939202638800018,-4.338574965351437,0.0796081443274067,-4.33947156119589,0.07966935534246196,0.041069307933512066,-0.01126261454814775
age:t4,0.9907279060554439,0.06743766680315227,0.9913549905877828,0.06743120692517822,0.9914866989052867,0.06745237577863955,-0.009299618988499698,0.0019532249756425016
age2:t4,0.18291818818925468,0.025457624989322247,0.1834525842165289,0.025428207203013448,0.18361094235474826,0.02542478934070913,-0.021015875126693978,0.00622765643503893
black:t4,1.0003554232115344,0.08356686864713386,1.004617581535569,0.08372430742560809,1.0057792943084243,0.08380531308366646,-0.050907059790510786,0.013875453958070586
hisp:t4,0.5767946712873417,0.10993629326102893,0.5806284216817131,0.1101312452355992,0.581809597626488,0.11031895013059609,-0.03481074227545517,0.010725166525158302
othr:t4,0.46907894423760393,0.23417770126768556,0.4778014927608017,0.23490160842885363,0.48020174620157224,0.23509250713793706,-0.037132774788298746,0.010218122629405206
hs:t4,-1.0243215388422817,0.07989593450831721,-1.0242250242950577,0.0800294224621497,-1.0240932284099213,0.08006178485029454,-0.0012059883009862139,0.0016468428870479068
somec:t4,-1.2813506335642595,0.09996021315635448,-1.2823141903458708,0.10013467221250336,-1.2825890383976732,0.10010097315945596,0.009622608835893236,-0.0027447840566069822
coll:t4,-1.4891139227764538,0.1178326493786212,-1.4913019585379261,0.11809504321903368,-1.4917445269976226,0.11806655241401141,0.018527752747540004,-0.0037475616895760594
coh:t4,-0.2099296115754007,0.04942774417333342,-0.21033142569150878,0.049402727220295053,-0.21044042545267713,0.049435021476907606,0.008133439968128462,-0.0022063510923658295
int:t5,-3.1273594675931062,0.051311328653908195,-3.1283088344237737,0.05132072508200069,-3.128508767967773,0.05131709572774764,0.018498702603101963,-0.003895766158405206
age:t5,0.8969167065720212,0.03722885812741483,0.8970828658654315,0.03724528609958674,0.8971584249667427,0.03726020064467157,-0.004461216728637084,0.0020286889758117034
age2:t5,0.16285962980290664,0.01570934393808449,0.16322438557582988,0.015682211264671543,0.16331457542016709,0.015679981296845218,-0.02325920539949359,0.005751092292729088
black:t5,0.35523520028274896,0.057457221734442065,0.35679261483644553,0.05749095291476726,0.35719121441545204,0.05749588158101326,-0.02708973281423079,0.006933257474396874
hisp:t5,-0.38311428437148487,0.08921436338056006,-0.3820178036700266,0.08913970122608264,-0.3816735250817495,0.08915362608858442,-0.012300699759777257,0.003862236282393238
othr:t5,0.08917809720612384,0.14139889476180584,0.09224304228116233,0.1415970037147665,0.09289934799885616,0.14157806852287036,-0.02164555036215685,0.004635025462939141
hs:t5,-0.5666114239509065,0.05334032073427799,-0.5665403690418002,0.05335843121092679,-0.5665449952788901,0.05336210645623153,-0.0013316528895953444,-8.670114516071042e-5
somec:t5,-0.6562611671799748,0.060416096390029504,-0.6565322583323513,0.06047268331549302,-0.6566696132655871,0.06045222933646195,0.004482869578684508,-0.0022713550268516985
coll:t5,-1.0144000423938244,0.06965911364366807,-1.0152140299927133,0.0696760388849703,-1.0155185084385367,0.0697084995060171,0.011682460884905833,-0.0043699161246258025
coh:t5,0.02122795026391476,0.03004166593551174,0.021184538657737215,0.030041949365291063,0.021190898712301454,0.030046704498846614,0.0014450329321073073,2.1170578802675902e-4
int:t6,-2.4383067279674373,0.037867042983823165,-2.438876361178682,0.037848116366447186,-2.4390096431031765,0.037859717412055835,0.015050503589917092,-0.003521494258892923
age:t6,0.21495971314409448,0.02523568184374966,0.21511735577116892,0.025238343093130697,0.215134706680037,0.02523753949347108,-0.006246155957731642,6.874820904076596e-4
age2:t6,0.10666128988656602,0.012636548027470702,0.10693261773235542,0.012652298547526175,0.10699193494769002,0.012656250217660465,-0.02144494494579008,0.0046882560597021694
black:t6,0.5056167718041855,0.03753557826926103,0.5065745112712332,0.03754706277131549,0.5068138757184942,0.037566860475074494,-0.025507706764731738,0.006375051191591234
hisp:t6,0.40676074223006,0.04596327889014035,0.40761870938807315,0.04594906790977325,0.4078666595932129,0.04594424272635534,-0.01867213410504646,0.005396196624197396
othr:t6,0.30896645256196703,0.08536689437803059,0.3110378900688292,0.08531369393761101,0.31153459440479847,0.08535639732919274,-0.024280246362055224,0.00582209388720762
hs:t6,-0.4896279897081736,0.0395105519700371,-0.489652955075838,0.03953075103003952,-0.4896639375569549,0.0395199955551542,6.315429637401928e-4,-2.7782121084851593e-4
somec:t6,-0.5386438811411774,0.042981017409847,-0.5387721146363722,0.04300869223099784,-0.5388441433035903,0.04299456024432533,0.002981571597341651,-0.001674746742617817
coll:t6,-0.9695908006394527,0.05127781974792556,-0.9701099872621758,0.05127058684263804,-0.9701845214388696,0.05129725970404658,0.010126402966999593,-0.0014537414389764896
coh:t6,0.004866930041275682,0.021509454276708733,0.004775289467034214,0.021500306099620618,0.004746465809000541,0.021503345415217878,0.004262291607238338,-0.0013406161707707578
int:t7,-1.8496688779179309,0.028586255474922183,-1.8501704659500935,0.028601486061918605,-1.8502748078976474,0.028620295912420355,0.017537131849608388,-0.0036481302869384082
age:t7,0.4663658320157867,0.019346948956335867,0.4665772678011383,0.019344842625404812,0.46664051266778095,0.019338435606070025,-0.010929827109264198,0.0032693399407451064
age2:t7,0.20400808706473414,0.009103275098425989,0.20429011408403133,0.009102536491705046,0.2043724959942237,0.009107298106869678,-0.030983343989249415,0.009050434487950842
black:t7,0.7882025784557087,0.028320623328840666,0.7892389160771799,0.02829306911775266,0.7894893842927136,0.028301584574798484,-0.0366286745760252,0.008852635056710882
hisp:t7,0.533786619943673,0.03552505610216806,0.534658727258343,0.03552250362145248,0.5348545149042364,0.035503470264116634,-0.024550840333878825,0.00551165109249828
othr:t7,0.40352263922583026,0.06712745408043765,0.4056214523114798,0.06721379020675987,0.4061939476360712,0.06727606402893946,-0.031225929667011057,0.008517527769678403
hs:t7,-0.692381739757261,0.029282402919300513,-0.6925421508895644,0.02927490636205718,-0.692623147292722,0.02927374685164617,0.0054794755043612595,-0.0027667519122314467
somec:t7,-0.7713216148721486,0.03276567387359116,-0.7717347486161198,0.032747884753967935,-0.7718698562268571,0.032767917144916454,0.012615585619500817,-0.004125689697284854
coll:t7,-1.3436756837041919,0.040939469162937954,-1.3443152956445044,0.04094550761443904,-1.3445043956425828,0.040925051463005395,0.015621052896335957,-0.0046183332212932394
coh:t7,0.10711608505926619,0.016743206530823007,0.10703459246741777,0.016752954114856243,0.10702536780759463,0.016754763214746456,0.004864371458891161,-5.50628847897483e-4
int:t8,-5.299032666996684,0.13931803658186268,-5.310767307036937,0.14005556077478068,-5.313908706914664,0.1401772222913269,0.08378560605046324,-0.022429669056691384
age:t8,0.9102918874388033,0.10682876885398576,0.9116500775331644,0.10716491591823452,0.9119936298138706,0.10722107333139969,-0.012673831568135539,0.0032058279313005368
age2:t8,0.1843761907312058,0.0437500380652273,0.18616774704595965,0.04372712997293584,0.1866095679063672,0.043745454938517565,-0.04097127609021418,0.01010404434686241
black:t8,1.434736401924599,0.14294681899097397,1.447477255236408,0.14338996667014842,1.4509261297093783,0.14344105149945252,-0.08885456638062957,0.02405241142781002
hisp:t8,1.1435378575697863,0.16770471263749948,1.1558559946406628,0.1683844246713699,1.1591267361283157,0.16857834225815413,-0.07315484846604645,0.019424251940381856
othr:t8,0.9155270470961983,0.35751007372748084,0.942100850190404,0.3586105715934575,0.9486458597253048,0.3591075883845426,-0.0741021185631176,0.018251022288100858
hs:t8,-1.1995172784285817,0.14020152826746599,-1.198118346494229,0.14076812178551354,-1.1977610675597674,0.14086899813522724,-0.009937846130277428,0.0025380670703703226
somec:t8,-1.6696571194573124,0.1895325376393626,-1.6727635470982478,0.19052487315016645,-1.673418655119558,0.19082745281793517,0.016304577925040697,-0.0034384383019315967
coll:t8,-2.343596209567977,0.2770729695237443,-2.3609607697882513,0.2809769218474366,-2.3650379474271683,0.2818649110833147,0.06180066357799608,-0.014510720710118757
coh:t8,0.04434440285180236,0.08615976696993474,0.043869534244884774,0.0864225474281648,0.043656296552802516,0.08644260757586132,0.005494730496255089,-0.0024673849409438285
int:t9,-4.058121726592504,0.06947452909048968,-4.060946608634056,0.06961011549547506,-4.061697684807731,0.06966605279477972,0.04058148763933322,-0.010789756177368652
age:t9,0.8990425150919643,0.055002527910696423,0.8996730956231801,0.05511046629485358,0.8998082552094964,0.055126048548873194,-0.011442119321619154,0.0024525211888633725
age2:t9,0.27140959821362914,0.020585257373689422,0.2719672494032297,0.020603651767218786,0.2721146455469839,0.02061127009551887,-0.02706564816280746,0.007153884438520267
black:t9,1.2458549075395757,0.0727804448396244,1.24966976192986,0.07289390820917126,1.2507293307539895,0.07288368372764112,-0.0523343374502221,0.0145357664331707
hisp:t9,0.943744649794364,0.0873422093241966,0.9475618226991228,0.08745801686939816,0.9485465110500867,0.08750067595863574,-0.043645774754520465,0.011258983295200076
othr:t9,0.9082453559520691,0.17862797026181373,0.9169124225119945,0.17883147946919767,0.9191913000681317,0.17891603000946904,-0.04846499389062072,0.012743156646141392
hs:t9,-1.1920187967940323,0.07000071108271143,-1.1922185975010136,0.06995651795759496,-1.1922732575826136,0.06994860758604607,0.0028560699247829244,-7.813436574012606e-4
somec:t9,-1.649901188310948,0.09382562917568753,-1.6516036985945675,0.09378541313219532,-1.652046765978582,0.0938076988920027,0.0181532524809554,-0.004724267550968033
coll:t9,-2.0263246981109235,0.12039663228183153,-2.0301481040103333,0.12075796584318511,-2.0309996234399055,0.1208262039006045,0.03166172825712219,-0.007051455559279224
coh:t9,-0.13729987507927088,0.0435445359831419,-0.13758690566265153,0.04353888273364035,-0.13767675860674397,0.04352059658557731,0.006592511460080913,-0.0020637402351856757
int:t10,-3.4176950736357545,0.054069398963398727,-3.4187679914760523,0.054066731573573105,-3.4190799138596777,0.05405872235530029,0.019844325874178618,-0.005769211020292034
age:t10,1.0324655507742626,0.04238987557777799,1.0327390250586819,0.04243805580441691,1.032840838725148,0.042437369048901524,-0.006444081361304935,0.0023991124130506
age2:t10,0.2922054873143683,0.016047048533313815,0.2926660415072991,0.01604042079662683,0.2927858008504995,0.016044064193547744,-0.028712101681748595,0.007466097349864663
black:t10,0.42780434658513306,0.06336759005234179,0.4299547077939947,0.06341997234994975,0.43051072403300883,0.06346505081163917,-0.0339066878962987,0.008767210366255778
hisp:t10,-0.24990709441874348,0.09398889962207732,-0.248479106870888,0.09399307735398517,-0.24808812210080713,0.09405969938041545,-0.015192475744544078,0.004159718790867888
othr:t10,-0.19851311464397378,0.18998911370503493,-0.19589129984700018,0.1906807237563141,-0.19539815093884014,0.19098337013204392,-0.013749763192236577,0.0025862546483213468
hs:t10,-0.809265458769343,0.0558825090144394,-0.8094693352138311,0.055911650972698304,-0.8094976621774431,0.055917053272814134,0.0036464035838919017,-5.06637938948056e-4
somec:t10,-0.9656355535417228,0.06536522269416903,-0.9663238170122831,0.06537339498359514,-0.9664593870475027,0.06539621950304733,0.010528189192759427,-0.0020737799414211064
coll:t10,-1.5188687846628137,0.08327530847553392,-1.5205769548129917,0.08330909648911808,-1.5209904321463448,0.08333933187149493,0.020504005230702664,-0.004963171499610149
coh:t10,0.08001973906797627,0.03403021843729168,0.0800164146419263,0.034085813259129176,0.08002808626882363,0.03408468410697372,9.753107618993644e-5,3.424189063232773e-4
int:t11,-4.0366967555512705,0.08025844215647582,-4.040717616104525,0.08044559816334414,-4.041670176588385,0.0805066546896233,0.049982356338376645,-0.011841051662340653
age:t11,0.5702449962303623,0.05775813374688113,0.5707011826877465,0.057740471262079165,0.5708768251574037,0.05774306049149867,-0.007900636198717862,0.003041929963819509
age2:t11,0.14363088227592344,0.026533891981287284,0.1445890061306554,0.02658481915637594,0.144849827176741,0.02657242254491615,-0.03604026226757937,0.00981090164847137
black:t11,1.6706706418818653,0.08147887264963345,1.6760062927892148,0.08154382246813266,1.6772504249192688,0.08150366103325908,-0.06543292607400905,0.015257221116170254
hisp:t11,1.2501718436474396,0.09627851564446706,1.2549489389884045,0.09631016207831483,1.256149498546297,0.09634039212872392,-0.04960115566081621,0.012465554329732283
othr:t11,1.3548068173637797,0.17204007467206014,1.3656307441413467,0.17234990325133248,1.3681140398142286,0.1724370394393464,-0.0628020473082758,0.014408454115930986
hs:t11,-1.3186707571013097,0.07923412115479143,-1.319133398839021,0.07918563026908398,-1.3192945140912242,0.07921756925938556,0.005842496121319685,-0.0020346526466443445
somec:t11,-1.9099313946292151,0.11110776659096357,-1.912302452594796,0.11146117272065256,-1.912983597713019,0.11154402488938271,0.021272501515153815,-0.0061110528590079755
coll:t11,-2.899448299043025,0.18990185398630555,-2.911440768857857,0.19126128627385688,-2.9144940168661484,0.19171015232333832,0.06270202427511007,-0.0159637533960711
coh:t11,-0.02673937669215412,0.0485454206849229,-0.02705378131330716,0.04853409186145624,-0.027098076537649677,0.048545085777655816,0.006478015949088492,-9.126620617309616e-4
int:t12,-5.6206181253406156,0.16018264521819625,-5.639501646303912,0.16171038328238538,-5.644382270094077,0.1620048302466499,0.11677370729077474,-0.030181264128491658
age:t12,0.8160397019531561,0.12100454406148403,0.8171667733985134,0.12146501732525518,0.8175218000559383,0.12154784910602431,-0.009278979826259358,0.0029228716649687637
age2:t12,0.21635012462696354,0.048325988554573394,0.21885165791044786,0.04826394049077985,0.21947013001362708,0.04826442201980669,-0.05183027448747585,0.012814372322072923
black:t12,1.7291538112650007,0.16335739106241454,1.7497123005453645,0.16444923084702273,1.754976252654033,0.1647672140869581,-0.12501420149230244,0.03200958789260077
hisp:t12,1.3051102409418942,0.19124920668908946,1.3245179010459838,0.19260230964112385,1.3295235369961587,0.19284087458733384,-0.10076545883718573,0.025989490777664607
othr:t12,1.5427317499867956,0.3327032927211119,1.5817415208657752,0.33323103883451094,1.591644261252811,0.3333632779728031,-0.11706523802649917,0.029717340922595308
hs:t12,-1.5267326088124253,0.16414589377342245,-1.526212731803713,0.1648296745078587,-1.5259665556019215,0.16486053892503755,-0.003154025573759587,0.0014935187036350858
somec:t12,-2.096798887892466,0.23837723925606538,-2.1065021387475187,0.24044560852910643,-2.1088660270560573,0.24090876088025392,0.04035528415100228,-0.009831280858067601
coll:t12,-2.6102268438022143,0.33270367873452944,-2.6399575964321587,0.3396485474562015,-2.6473356272429047,0.341404900408501,0.08753387244730748,-0.021722544865873383
coh:t12,-0.034851758704221296,0.09865536225333409,-0.036168031604416874,0.0989379769804412,-0.036503723399695244,0.09901463010432542,0.013304020765007038,-0.0033929518828218217
int:t13,-4.238958489257223,0.08121546467602826,-4.24313000915295,0.081393595947657,-4.244255256361248,0.08148577083746576,0.05125120529641522,-0.013824763425135564
age:t13,1.10517061265764,0.06647509624741793,1.1062317919986,0.06657482317971174,1.1065433628682528,0.0666353782382326,-0.015939649409139535,0.004680010472003511
age2:t13,0.1114909763957704,0.02783447132739148,0.11221150732658303,0.02783928421999075,0.11241939972801673,0.027840669180792168,-0.02588180519006432,0.007467591472212642
black:t13,1.6944151784808794,0.08156273659754247,1.6998468680352645,0.08165840815311867,1.7013777733309716,0.08175870968184101,-0.06651721086945614,0.018747674983284977
hisp:t13,1.1764928011890572,0.10026393466617425,1.181490801544773,0.10043871310949669,1.1828086747647713,0.10052684624748441,-0.049761692488702006,0.01312116791621571
othr:t13,1.2433574467716657,0.19368740662166253,1.2552429586386438,0.19402475308244915,1.2583707890553668,0.19404667609118628,-0.06125770901987652,0.016120780297521616
hs:t13,-1.375461511558879,0.08195013953805318,-1.3757732424955518,0.08209237300542906,-1.3758893972515451,0.08208133321587299,0.0037973191084642913,-0.0014149274986322632
somec:t13,-1.9192637603081664,0.1167994041068638,-1.9217819442112098,0.11701196516791217,-1.922333571572116,0.11706629318471451,0.02152073849396416,-0.004714281655850293
coll:t13,-2.6527884428227635,0.17792496976849037,-2.662378918515589,0.17913675534094847,-2.6647875887226067,0.17940119245893402,0.05353717429218768,-0.013445985456381973
coh:t13,-0.02385171271807346,0.0500679024408508,-0.023967696660987536,0.0500690497557783,-0.023969856946268023,0.05011656947714225,0.002316479810977268,-4.314612102736127e-5
int:t14,-4.678670666816795,0.09162713968064201,-4.6836775613161645,0.09188132083677074,-4.684973910044228,0.0919782790766938,0.05449306185165091,-0.014108947458061384
age:t14,1.468618390672846,0.08807202936900364,1.4710335443902613,0.08828110578165765,1.4717775754734619,0.08833839246063989,-0.02735753812813136,0.008427976480502182
age2:t14,0.10818379158397406,0.03339232002718087,0.10843218191302852,0.0335020722676383,0.1084750692414023,0.03349633441885601,-0.007414178056513444,0.0012801395696112041
black:t14,1.1484159958256805,0.09575142882013543,1.1542168258575176,0.09596080362752657,1.1557688883087216,0.09602012444289904,-0.060449994295098695,0.016173920939932303
hisp:t14,0.8767532039340682,0.11526799666873128,0.8820194718915709,0.11539923591309953,0.8833704877622278,0.11543964589281322,-0.04563520647111092,0.011707320763148402
othr:t14,0.6495753024751802,0.26245804691249347,0.6621373154417729,0.2630455569413172,0.6652497635362123,0.26320388439479975,-0.047756035542524326,0.011832353796927281
hs:t14,-1.2244493219176373,0.08975723048328238,-1.2244919200562103,0.08981997499875476,-1.2245429944278954,0.08983141620011886,4.742613051671612e-4,-5.686304375587278e-4
somec:t14,-1.598220365448083,0.12033944464323852,-1.599781564673203,0.12050208056506441,-1.6001316599410913,0.12058877369408037,0.012955786471063624,-0.002905304756952187
coll:t14,-2.1387574486775853,0.16400041763421858,-2.1448759591405793,0.16480931582601185,-2.1466386739928818,0.16489136947186403,0.03712478528491202,-0.010695480673940737
coh:t14,-0.06096343344846759,0.05583361214413165,-0.061056061534974185,0.055883238868122825,-0.06104884396372942,0.05588931442444271,0.0016575289547047928,1.2915449052257262e-4
int:t15,-5.434934208477166,0.11754651740723232,-5.443933822741714,0.11782860794572177,-5.446187830408264,0.11793349012159478,0.07637885587762848,-0.019129545072688423
age:t15,1.7159986983202622,0.11474356419582947,1.721683309229704,0.11517812170500112,1.7231533658407987,0.11536909340258715,-0.049354954094505715,0.01276333204026327
age2:t15,0.2029996793666903,0.038697248066839586,0.202730336634808,0.03874723431183246,0.20262263409790546,0.03878407272173337,0.006951276308256659,-0.0027796186957696686
black:t15,1.3468339963077485,0.11064294473747813,1.3549528673869111,0.11048805796424525,1.3569648723347139,0.11051831730237391,-0.07348188780537689,0.01821015759417037
hisp:t15,0.34271216905304625,0.17169775967733783,0.349591975953785,0.17192702394644702,0.35122971865806957,0.1720087218720252,-0.040015855232169426,0.009525801509800506
othr:t15,0.5223641492000445,0.35187333523045006,0.539416813540717,0.3532789084178725,0.5433267832122437,0.35355621391836134,-0.04826969268287583,0.011067656682469736
hs:t15,-1.1089696133197318,0.10734584841419047,-1.1085370798929213,0.10734726681394863,-1.1084134038103652,0.10740370925252607,-0.0040292914728806625,0.0011521120772491264
somec:t15,-1.6777272573557565,0.14935443824362185,-1.680479821126106,0.14978404602283427,-1.680975396042217,0.14990847750953892,0.01837688220766837,-0.003308596137370352
coll:t15,-2.003285673750511,0.18577927555129795,-2.009841196080983,0.1867744082272454,-2.01145937877843,0.18703771357531862,0.035098611167844254,-0.00866383522670733
coh:t15,0.0809265994534334,0.0687200272073843,0.08131164322618906,0.06884097303380557,0.08136977585049847,0.06884502695131005,-0.005593235478623613,8.444480335986111e-4
int:t16,-5.661097335657631,0.16953661911807907,-5.67932277267653,0.17139319953261004,-5.68395870692384,0.17172004204084482,0.10633699043252243,-0.027048530863256752
age:t16,0.1944428282235939,0.12407253642276843,0.1927205395016912,0.12450440211511571,0.1921376188769335,0.12454510294570227,0.013833155235027587,-0.0046819278262847375
age2:t16,0.25008173004575385,0.05139482197304576,0.25323835927889,0.05135166528231856,0.25404496705004953,0.05134221070295152,-0.06147082506052703,0.015707528991027123
black:t16,1.663853228190023,0.16603427731844767,1.6830105123244958,0.1670451822782238,1.6877905904924484,0.16736859402482782,-0.11468324840739987,0.028615480570945494
hisp:t16,0.8608830765705549,0.21625987770733704,0.8791427110147099,0.21770886018134258,0.8837617405360222,0.2179852278294011,-0.0838718021349498,0.021216543586994395
othr:t16,1.1505047503840193,0.3850227657737207,1.1880922644486056,0.38521487871936266,1.1979394592311086,0.38498123524554995,-0.09757544721414975,0.025562861993388496
hs:t16,-1.5236927587114073,0.17287826307797763,-1.5239013385769418,0.17381397843912247,-1.5238826390325921,0.1740252258900145,0.0012000177857243977,1.0758366224372031e-4
somec:t16,-2.0603848613026217,0.2479138713985135,-2.0697076466544644,0.25079475118275635,-2.072213545570135,0.2514108026086483,0.037172968365072064,-0.009991831582808825
coll:t16,-2.623282883817393,0.3420721352904109,-2.656378336632134,0.34990979198738975,-2.665020614797912,0.35173371484694377,0.09458281412122757,-0.02469858907546509
coh:t16,-0.36024199165158843,0.10650798303252097,-0.36352620165717586,0.1068296348475563,-0.36446645608850964,0.10688162358247084,0.03074249959081045,-0.008801438221477585
int:t17,-4.6311324543222305,0.10050479691421815,-4.636572475451818,0.10089179160435817,-4.637985623508452,0.10101104835494107,0.053919362944012686,-0.014006571140846977
age:t17,0.6754796245442108,0.07561436745503029,0.676066134040354,0.07563768861132747,0.6762391402030622,0.07565898600336265,-0.007754196445068312,0.002287301025249759
age2:t17,0.291933799718537,0.02918807295685943,0.29308174650116736,0.02925349710091359,0.2933806445150008,0.029272815792341162,-0.03924135219356423,0.010217513919868804
black:t17,1.4937626341158556,0.10430166690165771,1.5008419631891123,0.10448202144033167,1.5026822363332575,0.10454487929308164,-0.06775643288352355,0.017613299578014958
hisp:t17,1.129322677215974,0.12115593308875303,1.1356794886026556,0.12129855032546878,1.1372847182630907,0.12129684747119342,-0.05240632612364308,0.013233708532608456
othr:t17,1.0726759934268948,0.2467645010475392,1.0888756983454515,0.24693930856271953,1.092898835331162,0.24688016881226488,-0.06560196921601968,0.016292007170209653
hs:t17,-1.5607829902864918,0.10438069817581713,-1.561733999597088,0.10463327862007236,-1.5620037686745376,0.10472226857511927,0.009088975545240928,-0.0025782340093644576
somec:t17,-2.227545359600624,0.1587918061804108,-2.233677610196689,0.15924526500137154,-2.2350637563064186,0.15938955393488138,0.03850821307630088,-0.008704473000926083
coll:t17,-2.605175193702919,0.2079568467609502,-2.617577815685774,0.20928314389552444,-2.6208789079666657,0.20989409815747853,0.05926240284810645,-0.015773330902080402
coh:t17,-0.07233951540759816,0.06351697169590392,-0.07277226268041631,0.06360104554764566,-0.07286610572234611,0.06361920040127973,0.006804090547441847,-0.0014754952708993148
int:t18,-5.810850917671886,0.16252569504376352,-5.830769024264646,0.16410336312319293,-5.835823388474781,0.1644258939440011,0.12137537106907106,-0.03079988193989699
age:t18,0.9836560635433176,0.1298143534694836,0.9861550560497845,0.13012812506745816,0.9866572476644906,0.13026017762140243,-0.019204092160487435,0.00385920887160842
age2:t18,0.20311391731976625,0.04946494602140787,0.20520021321918036,0.04943897975414043,0.2057611039560977,0.04939525153622234,-0.04219941248361604,0.011345111483016949
black:t18,1.7464915136353436,0.16443602163721846,1.767649636971671,0.16553843123068018,1.7731994501563588,0.16576372476695542,-0.12781396548843232,0.03352582927981292
hisp:t18,1.3987941200345606,0.1892672447612753,1.418900304925081,0.19013747673464332,1.42394480724514,0.19041134390061817,-0.10574551233043177,0.026530815527225384
othr:t18,1.8470258784267248,0.30873303166763666,1.8868467423709954,0.3089653836591834,1.897037182778432,0.3087717830356794,-0.12888454840040114,0.03298246647164083
hs:t18,-1.4489019034299682,0.16183616154966804,-1.447895576252761,0.16226508195834352,-1.4478033693434251,0.1623995708373905,-0.006201748183047231,5.682486227045397e-4
somec:t18,-2.148319450941807,0.2514924607456984,-2.1589697413914166,0.25424362071254425,-2.161569855248437,0.2550737644638696,0.041890099030847644,-0.010226859772266159
coll:t18,-3.4465237665585677,0.4949898278143701,-3.5528377924994774,0.5287293965390277,-3.5822842706014697,0.5385673242326727,0.2010745508701107,-0.05569290887691117
coh:t18,-0.12543937529512078,0.09961864138383057,-0.12640386807854506,0.09984529541732395,-0.12672809419283104,0.09991055055547848,0.009659872099060702,-0.0032472848413218733
int:t19,-3.8254279229352997,0.05534969847638296,-3.8280107945867203,0.05545374483065038,-3.8286875625852383,0.05549601261654316,0.046577046497193055,-0.01220418928576939
age:t19,1.3948650427913982,0.05125840740696055,1.395839674868582,0.05135807031369642,1.396106539549627,0.05139325018631692,-0.018977194260427946,0.005196158644884253
age2:t19,0.22696108677688634,0.018338150923107022,0.22738796584341436,0.018323657937111888,0.2275018928612763,0.01832548606248567,-0.023296607478326865,0.0062174822436084284
black:t19,1.332369760606544,0.056372306590315696,1.3360609375951387,0.056428122481953384,1.3370005649300427,0.056464002817158805,-0.06541378352212684,0.01665175613816595
hisp:t19,0.9144718694961472,0.07025571618248874,0.9177273538469617,0.07038388045102693,0.918565711478445,0.07050887380823256,-0.046253266088101354,0.011911216405106432
othr:t19,0.9448885147335113,0.14413520789057208,0.9527614822909266,0.14414757139621917,0.9547352423435316,0.14419858038734473,-0.05461741381528255,0.013692634801176653
hs:t19,-1.3587318938201907,0.054313611900128005,-1.3590994425329737,0.05432186094334459,-1.3591972963375392,0.054326574883697215,0.006766128891761135,-0.0018013706243893927
somec:t19,-1.7183390388726738,0.070676132943212,-1.7197546516551734,0.07080153890680815,-1.7201017242027672,0.07087874268361245,0.01999409623515193,-0.0049020480762521045
coll:t19,-2.038662645910768,0.08803305258900851,-2.041821249635912,0.08811548559854966,-2.0425719588199995,0.08808854023580263,0.035846181901948035,-0.008519605594726925
coh:t19,-0.15492029423480164,0.03330498169780059,-0.15505696097173327,0.03337079162409025,-0.15509400991922953,0.03338110258160276,0.0040953999075339625,-0.00111022081566427
int:t20,-4.327970109370444,0.06374775622697317,-4.331009688879449,0.06375315569332385,-4.331781524643161,0.06379854118755902,0.047677318494271245,-0.01210662837498875
age:t20,1.6493018482486825,0.0632850342894057,1.6509980220908957,0.06334060539013263,1.6514182563877813,0.06345433216120773,-0.02677861747240966,0.006634516583748988
age2:t20,0.2931025055835019,0.02091349872218845,0.2933670062193759,0.02091294697215444,0.29344268696800313,0.020922988080358248,-0.012647697917761073,0.003618846675602773
black:t20,1.0831355337608533,0.06061345327533454,1.0869641889509976,0.060702177945245024,1.08793913317047,0.06068803540518497,-0.06307278123690804,0.016061107730794163
hisp:t20,0.49491649719090897,0.0832706613373137,0.49827173674444497,0.08323700039152064,0.49919071516659114,0.08326895989290796,-0.04030947220291474,0.011040503836317755
othr:t20,0.45107464779481826,0.18725174700595076,0.45926043278534223,0.18736724987989828,0.46132266972538705,0.18736933167520678,-0.043688451401037415,0.011006389544419855
hs:t20,-1.200470748655343,0.056017255277611824,-1.2008366650187485,0.05598341386625967,-1.2009522070124157,0.05597114870869188,0.006536156660251147,-0.002063861163293236
somec:t20,-1.5685187633284254,0.07191718775006184,-1.569796034990607,0.07190255752810087,-1.5701221909361678,0.07190521459171509,0.017763925319101894,-0.0045360826759641695
coll:t20,-1.877889306257508,0.08869524331993299,-1.880928595276014,0.08873885272411006,-1.8817017709875803,0.08879326773934926,0.03424981195052419,-0.008712933375081278
coh:t20,-0.10176086051882212,0.034896510597007636,-0.10177389096300857,0.03491401530264397,-0.10178825627522718,0.03493674716369468,3.7321528542327094e-4,-4.1144829931739506e-4
